insert into passenger(id, first_name, last_name, frequent_flyer_miles)
VALUES(1000, 'Tjen', 'Dekker', 256);

insert into passenger(id, first_name, last_name, frequent_flyer_miles)
VALUES(2000, 'John', 'Beton', 1287);

insert into passenger(id, first_name, last_name, frequent_flyer_miles)
VALUES(3000, 'Frank', 'Verelde', 485);

insert into passenger(id, first_name, last_name, frequent_flyer_miles)
VALUES(4000, 'Tom', 'Hertogs', 321);

insert into passenger(id, first_name, last_name, frequent_flyer_miles)
VALUES(5000, 'Zatte', 'Rita', 1580);

insert into flight(id, number,departure, destination )
VALUES (1000, 'ABA212', 'London', 'New York');
insert into flight(id, number,departure, destination )
VALUES (2000, 'HSL210', 'Brussels', 'Cuba');
insert into flight(id, number,departure, destination )
VALUES (3000, 'CRI987', 'London', 'Neverland');
insert into flight(id, number,departure, destination )
VALUES (4000, 'BIL872', 'Berlin', 'New Mexico');
insert into flight(id, number,departure, destination )
VALUES (5000, 'KAK000', 'Kinshasa', 'Macedonia');
insert into flight(id, number,departure, destination )
VALUES (6000, 'LAN404', 'Beijing', 'Kyoto');

insert into ticket(id, price, flight_id, passenger_id)
VALUES (1000, 99.5, 1000, 1000);
insert into ticket(id, price, flight_id, passenger_id)
VALUES (2000, 150.5, 2000, 2000);
insert into ticket(id, price, flight_id, passenger_id)
VALUES (3000, 870.2, 3000, 3000);
insert into ticket(id, price, flight_id, passenger_id)
VALUES (4000, 40.6, 4000, 4000);
insert into ticket(id, price, flight_id, passenger_id)
VALUES (5000, 198.12, 5000, 5000);




